COMPANY NAME,EMAIL
Blue Lagoon Tattoo Studio,emilien.w.tattoo@gmail.com
Megan Franklin Tattoo,emilien.w.tattoo@gmail.com
A Fine Madness Tattoo,afinemadness.tattoos@gmail.com
Elly.p.tattoo,ellytattoobookings@gmail.com
Goorazz Tattoo,goorazz666@gmail.com
Crimson Heart Designs Tattoo Studio,marayaanderson@hotmail.com
The Dealership Tattoo Studio,TheDealershipTattooStudio@gmail.com
Ace Of Swords Tattoo,aceofswordstattoo@gmail.com
The Hive Tattoo & Co.,Jeremy.zettler.tattoos@gmail.com
Valentina Tattoo,art.valentinaolsen@gmail.com
Azalea Tattoo,TattoosByBritni@yahoo.com
Dermaldelights tattoo,dermaldelights@gmail.com
Two For Joy Tattoo Studio,twoforjoytattoo@gmail.com
TSYNA tattoo,tsyna.tattoo@gmail.com
Kamil Mokot Tattoo,kamilmokot@gmail.com
Ell Jay Tattoo,elljaytattoo@gmail.com
Monsta Truck Tattoo,john.w.monsta@gmail.com
Last Rogue Tattoo,Last.rogue.tattoo@gmail.com
Ralph Otney Tattoo,ralph.otney@gmail.com
Little Kaja Tattoo,little.kaja.tattoo@gmail.com
MoonRoom.tattoos,moonroom.tattoos@outlook.com
GoGo Electric Tattoo,perditaisobel@gmail.com
